尼古拉-約基奇,Nikola Jokic,丹佛金塊,15,前鋒-中鋒,211,129,2014,4761萬
雷吉-傑克遜,Reggie Jackson,丹佛金塊,7,後衛-控衛,188,94,2011,500萬,
德安德烈-喬丹,DeAndre Jordan,丹佛金塊,6,前鋒-中鋒,211,120,2008,202萬
肯塔維厄斯-卡德維爾-波普,Kentavious Caldwell-Pope,丹佛金塊,5,後衛-分衛,196,93,2013,1470萬
阿隆-戈登,Aaron Gordon,丹佛金塊,50,前鋒-大前鋒,203,107,2014,2227萬
賈馬爾-穆雷,Jamal Murray,丹佛金塊,27,後衛-控衛,193,98,2016,3383萬
賈斯汀-霍勒迪,Justin Holiday,丹佛金塊,9,前鋒-分衛,198,82,2012,202萬
小邁克爾-波特,Michael Porter Jr.,丹佛金塊,1,前鋒-小前鋒,208,99,2018,3339萬
齊克-納吉,Zeke Nnaji,丹佛金塊,22,前鋒-大前鋒,206,109,2020,431萬
弗拉特科-錢查爾,Vlatko Cancar,丹佛金塊,31,前鋒-大前鋒,203,107,2017,223萬
克里斯蒂安-布勞恩,Christian Braun,丹佛金塊,0,前鋒-分衛,201,99,2022,295萬
佩頓-沃特森,Peyton Watson,丹佛金塊,8,前鋒-分衛,203,91,2022,230萬
布拉克斯頓-基,Braxton Key,丹佛金塊,11,前鋒-小前鋒,203,104,2021,56萬
傑伊-哈夫,Jay Huff,丹佛金塊,34,前鋒,216,109,2021,56萬
朱利安-斯特勞瑟,Julian Strawther,丹佛金塊,3,前鋒-小前鋒,201,93,2023,243萬
科林-格里斯佩,Collin Gillespie,丹佛金塊,21,後衛-控衛,191,88,2022,56萬
杰倫-皮克特,Jalen Pickett,丹佛金塊,24,後衛-分衛,193,95,2023,171萬
亨特-泰森,Hunter Tyson,丹佛金塊,4,前鋒-大前鋒,203,98,2023,112萬
斯賓瑟-丁威迪, Spencer Dinwiddie, 布魯克林籃網, 26, 後衛-控衛, 196, 98, 2014, 2036萬
米卡爾-布里奇斯, Mikal Bridges, 布魯克林籃網, 1, 前鋒-分衛, 198, 95, 2018, 2170萬
本-西蒙斯, Ben Simmons, 布魯克林籃網, 10, 前鋒-控衛, 208, 109, 2016, 3789萬
芬尼-史密斯, Dorian Finney-Smith, 布魯克林籃網, 28, 前鋒-大前鋒, 201, 100, 2016, 1393萬
羅伊斯-奧尼爾, Royce O'Neale, 布魯克林籃網, 00, 後衛-小前鋒, 193, 102, 2017, 950萬
小丹尼斯-史密斯, Dennis Smith Jr., 布魯克林籃網, 4, 後衛-控衛, 188, 93, 2017, 202萬
朗尼-沃克, Lonnie Walker IV, 布魯克林籃網, 8, 後衛-分衛, 193, 93, 2018, 202萬
卡梅倫-約翰遜, Cameron Johnson, 布魯克林籃網, 2, 前鋒-大前鋒, 203, 95, 2019, 2568萬
尼古拉斯-克拉克斯頓, Nic Claxton, 布魯克林籃網, 33, 前鋒-中鋒, 211, 98, 2019, 963萬
卡梅倫-托馬斯, Cam Thomas, 布魯克林籃網, 24, 後衛-分衛, 193, 95, 2021, 224萬
特倫登-沃特福特, Trendon Watford, 布魯克林籃網, 9, 前鋒-大前鋒, 206, 109, 2021, 202萬
哈里-賈爾斯, Harry Giles III, 布魯克林籃網, 14, 前鋒, 211, 109, 2017, 202萬
阿爾莫尼-布魯克斯, Armoni Brooks, 布魯克林籃網, 13, 後衛-控衛, 191, 88, 2020, 56萬
戴羅恩-夏普, Day'Ron Sharpe, 布魯克林籃網, 20, 前鋒-中鋒, 211, 120, 2021, 221萬
基恩-約翰遜, Keon Johnson, 布魯克林籃網, , 前鋒, 196, 84, 2021, -
杰倫-威爾遜, Jalen Wilson, 布魯克林籃網, 22, 前鋒-大前鋒, 203, 102, 2023, 56萬
諾阿-克洛尼, Noah Clowney, 布魯克林籃網, 21, 前鋒, 208, 95, 2023, 309萬
達裡克-懷特黑德, Dariq Whitehead, 布魯克林籃網, 0, 前鋒, 201, 100, 2023, 297萬
傑夫-格林, Jeff Green, 休士頓火箭, 32, 前鋒-大前鋒, 203, 107, 2007, 960萬
維克托-奧拉迪波, Victor Oladipo, 休士頓火箭, 3, 後衛, 193, 97, 2013, 945萬
弗雷德-範弗利特, Fred VanVleet, 休士頓火箭, 5, 後衛-控衛, 185, 89, 2016, 4081萬
狄龍-布魯克斯, Dillon Brooks, 休士頓火箭, 9, 前鋒-分衛, 201, 102, 2017, 2263萬
雷吉-布洛克, Reggie Bullock Jr., 休士頓火箭, 25, 前鋒-小前鋒, 198, 93, 2013, -
杰倫-格林, Jalen Green, 休士頓火箭, 4, 後衛-分衛, 193, 81, 2021, 989萬
阿隆-霍勒迪, Aaron Holiday, 休士頓火箭, 0, 後衛-控衛, 183, 84, 2018, 202萬
傑肖恩-泰特, Jae'Sean Tate, 休士頓火箭, 8, 後衛-小前鋒, 193, 104, 2020, 650萬
阿爾佩倫-申京, Alperen Sengun, 休士頓火箭, 28, 前鋒-中鋒, 206, 107, 2021, 354萬
博班-馬里亞諾維奇, Boban Marjanovic, 休士頓火箭, 51, 中鋒, 221, 132, 2015, 202萬
小賈巴里-史密斯, Jabari Smith Jr., 休士頓火箭, 10, 前鋒-大前鋒, 208, 100, 2000, 933萬
塔裡-伊森, Tari Eason, 休士頓火箭, 17, 前鋒, 203, 98, 2022, 353萬
喬克-蘭代爾, Jock Landale, 休士頓火箭, 2, 前鋒-中鋒, 211, 116, 2021, 800萬
內特-辛頓, Nate Hinton, 休士頓火箭, 14, 後衛-分衛, 196, 95, 2020, 202萬
阿門-湯普森, Amen Thompson, 休士頓火箭, 1, 前鋒-小前鋒, 201, 95, 2023, 881萬
吉納森-威廉姆斯, Nate Williams, 休士頓火箭, 19, 後衛-分衛, 196, 93, 2022, -
卡姆-惠特摩爾, Cam Whitmore, 休士頓火箭, 7, 前鋒-小前鋒, 201, 105, 2023, 322萬
傑梅因-薩繆爾斯, Jermaine Samuels Jr., 休士頓火箭, 00, 前鋒-小前鋒, 201, 104, 2022, 56萬
巴迪-希爾德, Buddy Hield, 印第安納溜馬, 7, 後衛-小前鋒, 193, 100, 2016, 1928萬
邁爾斯-特納, Myles Turner, 印第安納溜馬, 33, 前鋒-中鋒, 211, 113, 2015, 2098萬
TJ-麥康奈爾, TJ McConnell, 印第安納溜馬, 9, 後衛-控衛, 185, 86, 2015, 870萬
泰里斯-哈利伯頓, Tyrese Haliburton, 印第安納溜馬, 0, 後衛-控衛, 196, 84, 2020, 581萬
布魯斯-布朗, Bruce Brown, 印第安納溜馬, 11, 後衛-控衛, 193, 92, 2018, 2200萬
丹尼爾-泰斯, Daniel Theis, 印第安納溜馬, 27, 前鋒-中鋒, 203, 111, 2017, 911萬
奧比-託平, Obi Toppin, 印第安納溜馬, 1, 前鋒-大前鋒, 206, 100, 2020, 680萬
本內迪克特-馬瑟林, Bennedict Mathurin, 印第安納溜馬, 00, 前鋒-分衛, 198, 95, 2022, 692萬
阿龍-內史密斯, Aaron Nesmith, 印第安納溜馬, 23, 後衛-小前鋒, 196, 98, 2020, 563萬
杰倫-史密斯, Jalen Smith, 印第安納溜馬, 25, 前鋒-中鋒, 208, 98, 2020, 504萬
喬丹-沃拉, Jordan Nwora, 印第安納溜馬, 13, 前鋒-小前鋒, 203, 102, 2020, 300萬
安德魯-內姆布哈德, Andrew Nembhard, 印第安納溜馬, 2, 後衛-分衛, 196, 88, 2022, 213萬
以賽亞·傑克遜, Isaiah Jackson, 印第安納溜馬, 22, 前鋒-中鋒, 208, 93, 2021, 270萬
本-謝潑德, Ben Sheppard, 印第安納溜馬, 26, 前鋒-分衛, 198, 86, 2023, 254萬
賈拉斯-沃克, Jarace Walker, 印第安納溜馬, 5, 前鋒-大前鋒, 203, 109, 2023, 606萬
肯德爾-布朗, Kendall Brown, 印第安納溜馬, 10, 前鋒, 203, 93, 2022, 56萬
以賽亞-王, Isaiah Wong, 印第安納溜馬, 21, 前鋒, 193, 83, 2023, 56萬
奧斯卡-希布韋, Oscar Tshiebwe, 印第安納溜馬, 44, 前鋒, 206, 118, -, 56萬
賽迪斯-楊, Thaddeus Young, 多倫多暴龍, 21, 前鋒-大前鋒, 203, 107, 2007, 800萬
丹尼斯-施羅德, Dennis Schroder, 多倫多暴龍, 17, 後衛-控衛, 191, 78, 2013, 1241萬
帕斯卡爾-西亞卡姆, Pascal Siakam, 多倫多暴龍, 43, 前鋒-大前鋒, 206, 104, 2016, 3789萬
小奧托-波特, Otto Porter Jr., 多倫多暴龍, 32, 前鋒-小前鋒, 203, 90, 2013, 630萬
加萊特-坦普爾, Garrett Temple, 多倫多暴龍, 14, 後衛-分衛, 196, 88, 2009, 202萬
OG-阿奴諾比, OG Anunoby, 多倫多暴龍, 3, 前鋒-小前鋒, 201, 105, 2017, 1864萬
雅各布-珀爾特爾, Jakob Poeltl, 多倫多暴龍, 19, 中鋒, 216, 111, 2016, 1950萬
小加里-特倫特, Gary Trent Jr, 多倫多暴龍, 33, 後衛-分衛, 196, 95, 2018, 1856萬
克里斯-布歇, Chris Boucher, 多倫多暴龍, 25, 前鋒-大前鋒, 206, 91, 2017, 1175萬
斯科蒂-巴恩斯, Scottie Barnes, 多倫多暴龍, 4, 前鋒-小前鋒, 206, 103, 2021, 801萬
杰倫-麥克丹尼爾斯, Jalen McDaniels, 多倫多暴龍, 2, 前鋒-小前鋒, 206, 93, 2019, 452萬
普雷舍斯-阿丘瓦, Precious Achiuwa, 多倫多暴龍, 5, 前鋒-中鋒, 203, 102, 2020, 438萬
馬拉奇-弗林, Malachi Flynn, 多倫多暴龍, 22, 後衛-控衛, 185, 79, 2020, 387萬
克里斯蒂安-科洛科, Christian Koloko, 多倫多暴龍, 35, 中鋒, 216, 104, 2022, 172萬
格雷迪-迪克, Gradey Dick, 多倫多暴龍, 1, 前鋒-分衛, 203, 93, 2023, 454萬
小羅恩-哈珀, Ron Harper Jr, 多倫多暴龍, 8, 後衛, 198, 111, 2022, 56萬
雅翁-弗里曼-利伯蒂, Javon Freeman-Liberty, 多倫多暴龍, 00, 後衛-控衛, -, -, -, 56萬
馬奎斯-諾威爾, Markquis Nowell, 多倫多暴龍, 24, 前鋒, 173, 73, 2023, 56萬
多諾萬-米切爾, Donovan Mitchell, 克里夫蘭騎士, 45, 後衛-分衛, 185, 98, 2017, 3316萬
裡基-盧比奧, Ricky Rubio, 克里夫蘭騎士, 13, 後衛-控衛, 188, 86, 2009, 615萬
特里斯坦-湯普森, Tristan Thompson, 克里夫蘭騎士, 12, 前鋒-大前鋒, 206, 115, 2011, 202萬
卡里斯-勒維爾, Caris LeVert, 克里夫蘭騎士, 3, 前鋒-分衛, 198, 93, 2016, 1538萬
賈勒特-阿倫, Jarrett Allen, 克里夫蘭騎士, 31, 前鋒-中鋒, 211, 110, 2017, 2000萬
達裡厄斯-加蘭, Darius Garland, 克里夫蘭騎士, 10, 後衛-控衛, 185, 87, 2019, 3401萬
喬治-尼昂, Georges Niang, 克里夫蘭騎士, 20, 前鋒-大前鋒, 201, 104, 2016, 880萬
埃文-莫布里, Evan Mobley, 克里夫蘭騎士, 4, 中鋒-大前鋒, 213, 98, 2021, 888萬
馬克斯-斯特魯斯, Max Strus, 克里夫蘭騎士, 1, 後衛-小前鋒, 196, 98, 2019, 1449萬
艾薩克-奧科羅, Isaac Okoro, 克里夫蘭騎士, 35, 後衛-小前鋒, 196, 102, 2020, 892萬
達米安-瓊斯, Damian Jones, 克里夫蘭騎士, 30, 前鋒-中鋒, 211, 111, 2016, 259萬
泰-傑羅姆, Ty Jerome, 克里夫蘭騎士, 2, 後衛-分衛, 196, 88, 2019, 244萬
迪安-韋德, Dean Wade, 克里夫蘭騎士, 32, 前鋒-大前鋒, 206, 103, 2019, 571萬
薩姆-梅里爾, Sam Merrill, 克里夫蘭騎士, 5, 後衛-分衛, 193, 93, 2020, 200萬
以賽亞-莫布利, Isaiah Mobley, 克里夫蘭騎士, 15, 前鋒-大前鋒, 208, 109, 2022, 56萬
小克雷格-波特, Craig Porter, 克里夫蘭騎士, 9, 後衛-控衛, 188, 84, 2023, 56萬
伊莫尼-貝茨, Emoni Bates, 克里夫蘭騎士, 21, 前鋒-小前鋒, 208, 77, 2023, 56萬
哈里森-巴恩斯, Harrison Barnes, 沙加緬度國王, 40, 前鋒-大前鋒, 203, 102, 2012, 1700萬
德阿龍-福克斯, De'Aaron Fox, 沙加緬度國王, 5, 後衛-控衛, 191, 84, 2017, 3260萬
多曼塔斯-薩博尼斯, Domantas Sabonis, 沙加緬度國王, 10, 前鋒-中鋒, 211, 109, 2016, 3060萬
賈維爾-麥基, JaVale McGee, 沙加緬度國王, 00, 中鋒, 213, 122, 2008, 202萬
亞歷克斯-萊恩, Alex Len, 沙加緬度國王, 25, 中鋒, 213, 113, 2013, 202萬
凱文-赫爾特, Kevin Huerter, 沙加緬度國王, 9, 前鋒-分衛, 201, 86, 2018, 1567萬
馬利克-蒙克, Malik Monk, 沙加緬度國王, 0, 後衛-分衛, 191, 91, 2017, 995萬
特雷-萊爾斯, Trey Lyles, 沙加緬度國王, 41, 前鋒-大前鋒, 206, 106, 2015, 800萬
戴維恩-米切爾, Davion Mitchell, 沙加緬度國王, 15, 後衛-控衛, 188, 93, 2021, 506萬
克里斯-杜阿爾特, Chris Duarte, 沙加緬度國王, 3, 前鋒-小前鋒, 198, 86, 2021, 412萬
基根-默裡, Keegan Murray, 沙加緬度國王, 13, 前鋒-小前鋒, 203, 98, 2022, 841萬
凱斯勒-愛德華茲, Kessler Edwards, 沙加緬度國王, 17, 前鋒-小前鋒, 203, 98, 2021, 193萬
基恩-埃利斯, Keon Ellis, 沙加緬度國王, 23, 前鋒-分衛, 198, 79, 2022, 56萬
薩沙-維琴科夫, Sasha Vezenkov, 沙加緬度國王, 7, 前鋒-大前鋒, 206, 102, 2017, 634萬
科爾比-瓊斯, Colby Jones, 沙加緬度國王, 20, 前鋒-分衛, 198, 93, 2023, 202萬
喬丹-福特, Jordan Ford, 沙加緬度國王, 31, 後衛-控衛, 185, 79, 2020, -
菲利普-彼得魯舍夫, Filip Petrusev, 沙加緬度國王, 33, 前鋒, 211, 106, 2021, 112萬
杰倫-斯勞森, Jalen Slawson, 沙加緬度國王, 18, 前鋒, 201, 98, 2023, 56萬
韋斯利-馬修斯, Wesley Matthews, 亞特蘭大老鷹, 23, 後衛, 193, 100, 2009, 202萬
特雷-楊, Trae Young, 亞特蘭大老鷹, 11, 後衛-控衛, 185, 74, 2018, 4006萬
帕蒂-米爾斯, Patty Mills, 亞特蘭大老鷹, 8, 後衛, 185, 82, 2009, 680萬
克林特-卡佩拉, Clint Capela, 亞特蘭大老鷹, 15, 前鋒-中鋒, 208, 109, 2014, 2062萬
德章泰-穆雷, Dejounte Murray, 亞特蘭大老鷹, 5, 後衛-分衛, 193, 82, 2016, 1821萬
博格丹-博格達諾維奇, Bogdan Bogdanovic, 亞特蘭大老鷹, 13, 前鋒-分衛, 198, 100, 2014, 1870萬
薩迪克-貝, Saddiq Bey, 亞特蘭大老鷹, 41, 前鋒-小前鋒, 201, 98, 2020, 456萬
德安德烈-亨特, De'Andre Hunter, 亞特蘭大老鷹, 12, 前鋒-小前鋒, 203, 102, 2019, 2009萬
奧涅卡-奧孔古, Onyeka Okongwu, 亞特蘭大老鷹, 17, 前鋒-中鋒, 203, 107, 2020, 811萬
加里森-馬修斯, Garrison Mathews, 亞特蘭大老鷹, 25, 後衛-分衛, 196, 98, 2019, 200萬
AJ-格里芬, AJ Griffin, 亞特蘭大老鷹, 14, 前鋒-小前鋒, 198, 101, 2022, 371萬
杰倫-約翰遜, Jalen Johnson, 亞特蘭大老鷹, 1, 前鋒-小前鋒, 206, 100, 2021, 293萬
布魯諾-費爾南多, Bruno Fernando, 亞特蘭大老鷹, 24, 前鋒-中鋒, 206, 109, 2019, 258萬
特朗-福雷斯特, Trent Forrest, 亞特蘭大老鷹, 2, 後衛-分衛, 193, 95, 2020, 51萬
科比-巴夫金, Kobe Bufkin, 亞特蘭大老鷹, 4, 後衛-分衛, 193, 88, 2023, 409萬
穆罕默德-蓋耶, Mouhamed Gueye, 亞特蘭大老鷹, 18, 前鋒-大前鋒, 211, 95, 2023, 112萬
賽思-倫迪, Seth Lundy, 亞特蘭大老鷹, 3, 前鋒, 198, 100, 2023, 56萬
邁爾斯-諾里斯, Miles Norris, 亞特蘭大老鷹, 0, 前鋒, 208, 100, 2023, 56萬
博揚-博格達諾維奇, Bojan Bogdanovic, 底特律活塞, 44, 前鋒, 201, 102, 2011, 2000萬
亞歷克-伯克斯, Alec Burks, 底特律活塞, 14, 前鋒-分衛, 198, 97, 2011, 1049萬
喬-哈里斯, Joe Harris, 底特律活塞, 31, 前鋒-分衛, 198, 100, 2014, 1993萬
蒙特-莫里斯, Monte Morris, 底特律活塞, 5, 後衛, 188, 83, 2017, 980萬
馬文-巴格利三世, Marvin Bagley III, 底特律活塞, 35, 前鋒-中鋒, 211, 107, 2018, 1250萬
詹姆斯-懷斯曼, James Wiseman, 底特律活塞, 13, 中鋒, 213, 109, 2020, 1212萬
基利安-海斯, Killian Hayes, 底特律活塞, 7, 後衛-控衛, 196, 88, 2020, 741萬
以賽亞-斯圖爾特, Isaiah Stewart, 底特律活塞, 28, 前鋒-中鋒, 203, 113, 2020, 527萬
凱德-坎寧安, Cade Cunningham, 底特律活塞, 2, 前鋒-控衛, 198, 100, 2021, 1106萬
以賽亞-利弗斯, Isaiah Livers, 底特律活塞, 12, 後衛-小前鋒, 201, 104, 2021, 184萬
傑登-艾維, Jaden Ivey, 底特律活塞, 23, 後衛-分衛, 193, 88, 2022, 761萬
杰倫-杜倫, Jalen Duren, 底特律活塞, 0, 前鋒-中鋒, 208, 113, 2022, 433萬
賈裡德-羅登, Jared Rhoden, 底特律活塞, 8, 前鋒-分衛, 198, 95, 2022, 56萬
斯坦利-烏姆德, Stanley Umude, 底特律活塞, 17, 前鋒-分衛, 198, 95, 2022, 180萬
奧薩爾-湯普森, Ausar Thompson, 底特律活塞, 9, 前鋒-小前鋒, 201, 98, 2023, 798萬
馬庫斯-薩瑟, Marcus Sasser, 底特律活塞, 25, 後衛-控衛, 188, 88, 2023, 262萬
馬爾科姆-卡扎隆, Malcolm Cazalon, 底特律活塞, 20, 前鋒-分衛, 198, 96, 2023, 56萬
邁克-康利, Mike Conley, 明尼蘇達灰狼, 10, 後衛-控衛, 185, 79, 2007, 2436萬
卡爾-安東尼-唐斯, Karl-Anthony Towns, 明尼蘇達灰狼, 32, 前鋒-大前鋒, 211, 112, 2015, 3602萬
魯迪-戈貝爾, Rudy Gobert, 明尼蘇達灰狼, 27, 中鋒, 216, 117, 2013, 4100萬
安東尼-愛德華茲, Anthony Edwards, 明尼蘇達灰狼, 5, 後衛-分衛, 193, 102, 2020, 1353萬
凱爾-安德森, Kyle Anderson, 明尼蘇達灰狼, 1, 前鋒-大前鋒, 206, 104, 2014, 922萬
納茲-裡德, Naz Reid, 明尼蘇達灰狼, 11, 前鋒-中鋒, 206, 120, 2019, 1295萬
謝克-米爾頓, Shake Milton, 明尼蘇達灰狼, 18, 後衛-分衛, 196, 93, 2018, 500萬
傑ordan-麥克丹尼爾斯, Jaden McDaniels, 明尼蘇達灰狼, 3, 前鋒-小前鋒, 206, 84, 2020, 390萬
特洛伊-布朗, Troy Brown Jr., 明尼蘇達灰狼, 23, 前鋒-小前鋒, 198, 98, 2018, 400萬
尼基爾-亞歷山大-沃克, Nickeil Alexander-Walker, 明尼蘇達灰狼, 9, 前鋒-分衛, 198, 93, 2019, 469萬
喬丹-麥克勞克林, Jordan McLaughlin, 明尼蘇達灰狼, 6, 後衛-控衛, 180, 84, 2019, 232萬
盧卡-加爾薩, Luka Garza, 明尼蘇達灰狼, 55, 前鋒-中鋒, 211, 107, 2021, 56萬
戴申-尼克斯, Daishen Nix, 明尼蘇達灰狼, 12, 後衛-控衛, 196, 102, 2021, 202萬
約什-米諾特, Josh Minott, 明尼蘇達灰狼, 8, 前鋒-小前鋒, 203, 93, 2022, 172萬
小溫德爾-摩爾, Wendell Moore Jr., 明尼蘇達灰狼, 7, 後衛, 196, 97, 2022, 242萬
倫納德-米勒, Leonard Miller, 明尼蘇達灰狼, 33, 前鋒-小前鋒, 208, 95, 2023, 180萬
杰倫-克拉克, Jaylen Clark, 明尼蘇達灰狼, 0, 前鋒, 196, 93, 2023, 56萬
朱-霍勒迪, Jrue Holiday, 波士頓塞爾提克, 4, 後衛-控衛, 193, 93, 2009, 3686萬
艾爾-霍福德, Al Horford, 波士頓塞爾提克, 42, 前鋒-中鋒, 206, 109, 2007, 1000萬
傑森-塔圖姆, Jayson Tatum, 波士頓塞爾提克, 0, 前鋒-小前鋒, 203, 95, 2017, 3260萬
杰倫-布朗, Jaylen Brown, 波士頓塞爾提克, 7, 前鋒-小前鋒, 198, 101, 2016, 3183萬
克里斯塔普斯-波爾津吉斯, Kristaps Porzingis, 波士頓塞爾提克, 8, 中鋒-大前鋒, 221, 109, 2015, 3602萬
德里克-懷特, Derrick White, 波士頓塞爾提克, 9, 後衛-分衛, 193, 86, 2017, 1836萬
斯維亞託斯拉夫-米哈伊柳克, Svi Mykhailiuk, 波士頓塞爾提克, 50, 前鋒-小前鋒, 201, 93, 2018, 202萬
奧謝-布里塞特, Oshae Brissett, 波士頓塞爾提克, 12, 前鋒-小前鋒, 201, 95, 2019, 217萬
佩頓-普里查德, Payton Pritchard, 波士頓塞爾提克, 11, 後衛-控衛, 185, 88, 2020, 404萬
盧克-科內特, Luke Kornet, 波士頓塞爾提克, 40, 中鋒, 218, 113, 2017, 241萬
拉馬爾-史蒂文斯, Lamar Stevens, 波士頓塞爾提克, 77, 前鋒-大前鋒, 198, 104, 2020, -
山姆-豪瑟, Sam Hauser, 波士頓塞爾提克, 30, 前鋒-小前鋒, 203, 98, 2021, 193萬
納坦-奈特, Nathan Knight, 波士頓塞爾提克, 1, 前鋒, 208, 115, 2020, -
達拉諾-班頓, Dalano Banton, 波士頓塞爾提克, 45, 前鋒-控衛, 206, 93, 2021, 202萬
內米亞斯-克塔, Neemias Queta, 波士頓塞爾提克, 88, 前鋒, 213, 111, 2021, 25萬
JD-戴維森, JD Davison, 波士頓塞爾提克, 20, 後衛, 191, 88, 2022, 56萬
喬丹-沃爾什, Jordan Walsh, 波士頓塞爾提克, 27, 前鋒, 201, 93, 2023, 112萬
傑拉米-格蘭特, Jerami Grant, 波特蘭拓荒者, 9, 前鋒-大前鋒, 203, 95, 2014, 2759萬
杜普-雷亞斯, Duop Reath, 波特蘭拓荒者, 26, 前鋒, 210, 108, 2022, -
馬爾科姆-布羅格登, Malcolm Brogdon, 波特蘭拓荒者, 11, 後衛-控衛, 196, 104, 2016, 2250萬
德安德烈-艾頓, DeAndre Ayton, 波特蘭拓荒者, 2, 前鋒-中鋒, 211, 113, 2018, 3246萬
安芬尼-西蒙斯, Anfernee Simons, 波特蘭拓荒者, 1, 後衛-分衛, 191, 82, 2018, 2411萬
羅伯特-威廉姆斯, Robert Williams III, 波特蘭拓荒者, 35, 前鋒-中鋒, 206, 107, 2018, 1157萬
馬蒂斯-賽布林, Matisse Thybulle, 波特蘭拓荒者, 4, 後衛-分衛, 196, 91, 2019, 1050萬
謝登-夏普, Shaedon Sharpe, 波特蘭拓荒者, 17, 前鋒-分衛, 198, 91, 2022, 631萬
摩西-布朗, Moses Brown, 波特蘭拓荒者, 0, 前鋒, 218, 111, 2019, 217萬
伊什-韋恩萊特, Ish Wainright, 波特蘭拓荒者, 12, 前鋒, 198, 113, 2021, 193萬
斯蓋拉-梅斯, Skylar Mays, 波特蘭拓荒者, 5, 後衛-控衛, 193, 93, 2020, -
賈巴里-沃克, Jabari Walker, 波特蘭拓荒者, 34, 前鋒-小前鋒, 206, 98, 2022, 172萬
圖馬尼-卡馬拉, Toumani Camara, 波特蘭拓荒者, 33, 前鋒-大前鋒, 203, 100, 2023, 112萬
斯庫特-亨德森, Scoot Henderson, 波特蘭拓荒者, 00, 後衛-控衛, 191, 92, 2023, 977萬
克里斯-默裡, Kris Murray, 波特蘭拓荒者, 8, 前鋒-小前鋒, 203, 100, 2023, 285萬
拉揚-呂佩爾, Rayan Rupert, 波特蘭拓荒者, 72, 前鋒-分衛, 198, 93, 2023, 112萬
賈斯汀-米納亞, Justin Minaya, 波特蘭拓荒者, 35, 前鋒, 196, 95, 2022, 180萬
德瑪爾-德羅贊, DeMar DeRozan, 芝加哥公牛, 11, 前鋒-小前鋒, 198, 100, 2009, 2860萬
尼古拉-武切維奇, Nikola Vucevic, 芝加哥公牛, 9, 前鋒-中鋒, 208, 118, 2011, 1852萬
扎克-拉文, Zach LaVine, 芝加哥公牛, 8, 後衛-分衛, 196, 91, 2014, 4006萬
安德烈-德拉蒙德, Andre Drummond, 芝加哥公牛, 3, 前鋒-中鋒, 208, 127, 2012, 336萬
科比-懷特, Coby White, 芝加哥公牛, 0, 後衛-分衛, 196, 88, 2019, 1111萬
郎佐-鮑爾, Lonzo Ball, 芝加哥公牛, 2, 後衛-控衛, 198, 86, 2017, 2047萬
託雷-克雷格, Torrey Craig, 芝加哥公牛, 13, 前鋒-小前鋒, 201, 100, 2017, 253萬
阿列克斯-卡魯索, Alex Caruso, 芝加哥公牛, 6, 後衛-控衛, 193, 84, 2017, 946萬
傑文-卡特, Jevon Carter, 芝加哥公牛, 5, 後衛-控衛, 185, 91, 2018, 619萬
帕特里克-威廉姆斯, Patrick Williams, 芝加哥公牛, 44, 前鋒-大前鋒, 201, 98, 2020, 984萬
阿約-多森姆, Ayo Dosunmu, 芝加哥公牛, 12, 後衛-分衛, 196, 91, 2021, 648萬
特里-泰勒, Terry Taylor, 芝加哥公牛, 32, 後衛-大前鋒, 196, 104, 2021, 202萬
達倫-特里, Dalen Terry, 芝加哥公牛, 25, 前鋒-分衛, 201, 88, 2022, 335萬
朱利安-菲利普斯, Julian Phillips, 芝加哥公牛, 15, 前鋒-小前鋒, 203, 90, 2023, 160萬
奧努拉爾普-比蒂姆, Onuralp Bitim, 芝加哥公牛, 17, 前鋒-分衛, 198, 98, 2023, 56萬
賈斯汀-劉易斯, Justin Lewis, 芝加哥公牛, 34, 前鋒, 201, 111, 2022, 10萬
阿達馬-薩諾戈, Adama Sanogo, 芝加哥公牛, 21, 前鋒, 206, 111, 2023, 56萬
斯蒂芬-庫裡, Stephen Curry, 金州勇士, 30, 後衛-控衛, 188, 84, 2009, 5192萬
克里斯-保羅, Chris Paul, 金州勇士, 3, 後衛-控衛, 183, 79, 2005, 3080萬
克萊-湯普森, Klay Thompson, 金州勇士, 11, 前鋒-小前鋒, 198, 98, 2011, 4322萬
安德魯-維金斯, Andrew Wiggins, 金州勇士, 22, 前鋒-小前鋒, 201, 89, 2014, 2433萬
德雷蒙德-格林, Draymond Green, 金州勇士, 23, 前鋒-大前鋒, 198, 104, 2012, 2232萬
科裡-約瑟夫, Cory Joseph, 金州勇士, 1, 後衛-控衛, 191, 91, 2011, 202萬
達里奧-沙裡奇, Dario Saric, 金州勇士, 20, 前鋒-大前鋒, 208, 102, 2014, 202萬
凱文-盧尼, Kevon Looney, 金州勇士, 5, 前鋒-中鋒, 206, 101, 2015, 750萬
喬納森-庫明加, Jonathan Kuminga, 金州勇士, 00, 前鋒-大前鋒, 203, 95, 2021, 601萬
加里-佩頓二世, Gary Payton II, 金州勇士, 8, 後衛-分衛, 191, 86, 2016, 872萬
摩西-穆迪, Moses Moody, 金州勇士, 4, 前鋒-分衛, 198, 93, 2021, 392萬
傑羅米-羅賓遜, Jerome Robinson, 金州勇士, 18, 後衛-分衛, 193, 86, 2018, -
烏斯曼-加魯巴, Usman Garuba, 金州勇士, 12, 前鋒, 203, 100, 2021, -
特雷斯·傑克遜-戴維斯, Trayce Jackson-Davis, 金州勇士, 32, 前鋒-大前鋒, 206, 111, 2023, 112萬
萊斯特-基諾內斯, Lester Quinones, 金州勇士, 25, 後衛-分衛, 196, 94, 2022, 56萬
布蘭丁-波傑姆斯基, Brandin Podziemski, 金州勇士, 2, 後衛-分衛, 196, 93, 2023, 335萬
詹姆斯-哈登, James Harden, 洛杉磯快艇, 1, 後衛-分衛, 196, 100, 2009, 3564萬
拉塞爾-威斯布魯克, Russell Westbrook, 洛杉磯快艇, 0, 後衛-控衛, 191, 91, 2008, 384萬
保羅-喬治, Paul George, 洛杉磯快艇, 13, 前鋒-小前鋒, 203, 100, 2010, 4564萬
科懷-倫納德, Kawhi Leonard, 洛杉磯快艇, 2, 前鋒-小前鋒, 201, 102, 2011, 4564萬
尼古拉斯-巴圖姆, Nicolas Batum, 洛杉磯快艇, 40, 前鋒-小前鋒, 203, 104, 2008, 1171萬
羅伯特-考文頓, Robert Covington, 洛杉磯快艇, 33, 前鋒-小前鋒, 201, 95, 2013, 1169萬
梅森-普拉姆利, Mason Plumlee, 洛杉磯快艇, 44, 前鋒-中鋒, 211, 115, 2013, 500萬
諾曼-鮑威爾, Norman Powell, 洛杉磯快艇, 24, 後衛-分衛, 191, 98, 2015, 1800萬
PJ-塔克, P.J. Tucker, 洛杉磯快艇, 17, 後衛-小前鋒, 196, 111, 2006, 1101萬
伊維查-祖巴茨, Ivica Zubac, 洛杉磯快艇, 40, 中鋒, 213, 109, 2016, 1093萬
特倫斯-曼, Terance Mann, 洛杉磯快艇, 14, 後衛, 196, 98, 2019, 1058萬
小肯揚-馬丁, KJ Martin, 洛杉磯快艇, 1, 前鋒-小前鋒, 198, 98, 2020, 193萬
博恩斯-海蘭, Bones Hyland, 洛杉磯快艇, 5, 後衛-控衛, 191, 78, 2021, 231萬
阿米爾-科菲, Amir Coffey, 洛杉磯快艇, 7, 前鋒-小前鋒, 201, 95, 2019, 367萬
布蘭登-波士頓, Brandon Boston Jr., 洛杉磯快艇, 4, 前鋒-分衛, 201, 84, 2021, 184萬
約什-普里莫, Joshua Primo, 洛杉磯快艇, 12, 前鋒, 198, 86, 2021, -
穆薩-迪亞巴特, Moussa Diabate, 洛杉磯快艇, 25, 中鋒, 210, 95, 2022, 56萬
科比-布朗, Kobe Brown, 洛杉磯快艇, 21, 前鋒-大前鋒, 201, 113, 2023, 241萬
喬丹-米勒, Jordan Miller, 洛杉磯快艇, 11, 前鋒-小前鋒, 201, 88, 2023, 56萬
勒布朗-詹姆斯, LeBron James, 洛杉磯湖人, 6, 前鋒-大前鋒, 206, 113, 2003, 4761萬
安東尼-戴維斯, Anthony Davis, 洛杉磯湖人, 3, 前鋒-中鋒, 208, 115, 2012, 4060萬
丹吉洛-拉塞爾, D'Angelo Russell, 洛杉磯湖人, 1, 後衛-控衛, 193, 88, 2015, 1731萬
托里恩-普林斯, Taurean Prince, 洛杉磯湖人, 12, 前鋒-大前鋒, 201, 99, 2016, 452萬
克里斯蒂安-伍德, Christian Wood, 洛杉磯湖人, 35, 前鋒-大前鋒, 208, 97, 2015, 271萬
八村塁, Rui Hachimura, 洛杉磯湖人, 28, 前鋒-大前鋒, 203, 104, 2019, 1574萬
卡姆-雷迪什, Cam Reddish, 洛杉磯湖人, 5, 前鋒-小前鋒, 203, 99, 2019, 217萬
賈克森-海斯, Jaxson Hayes, 洛杉磯湖人, 11, 前鋒-中鋒, 211, 100, 2019, 217萬
加布-文森特, Gabe Vincent, 洛杉磯湖人, 7, 後衛-控衛, 191, 88, 2019, 1050萬
賈裡德-範德比爾特, Jarred Vanderbilt, 洛杉磯湖人, 2, 前鋒, 206, 97, 2018, 470萬
奧斯汀-裡夫斯, Austin Reaves, 洛杉磯湖人, 15, 後衛-分衛, 196, 93, 2021, 1202萬
馬克斯-克里斯蒂, Max Christie, 洛杉磯湖人, 10, 前鋒-分衛, 198, 86, 2022, 172萬
科林-卡斯爾頓, Colin Castleton, 洛杉磯湖人, 14, 前鋒-中鋒, 211, 113, 2023, 56萬
迪莫伊-霍奇, D'Moi Hodge, 洛杉磯湖人, 55, 後衛-分衛, 193, 85, 2023, 56萬
馬克斯韋爾-劉易斯, Maxwell Lewis, 洛杉磯湖人, 21, 前鋒-小前鋒, 201, 88, 2023, 112萬
亞歷克斯-富奇, Alex Fudge, 洛杉磯湖人, 17, 前鋒-小前鋒, 203, 91, 2023, 56萬
杰倫-胡德-席菲諾, Jalen Hood-Schifino, 洛杉磯湖人, 0, 前鋒, 198, 98, 2023, 370萬
戈登-海沃德, Gordon Hayward, 夏洛特黃蜂, 20, 前鋒-小前鋒, 201, 102, 2010, 3150萬
特里-羅齊爾, Terry Rozier, 夏洛特黃蜂, 3, 後衛-分衛, 185, 86, 2015, 2321萬
伊什-史密斯, Ish Smith, 夏洛特黃蜂, 14, 後衛-控衛, 183, 79, 2010, 450萬
邁爾斯-布里奇斯, Miles Bridges, 夏洛特黃蜂, 0, 前鋒, 198, 102, 2018, 792萬
PJ-華盛頓, P.J. Washington, 夏洛特黃蜂, 25, 前鋒-大前鋒, 201, 104, 2019, 1685萬
拉梅洛-鮑爾, LaMelo Ball, 夏洛特黃蜂, 1, 前鋒-控衛, 201, 82, 2020, 1090萬
弗朗克-尼利基納, Frank Ntilikina, 夏洛特黃蜂, 21, 前鋒, 193, 91, 2017, 202萬
泰奧-馬勒東, Theo Maledon, 夏洛特黃蜂, 9, 後衛-控衛, 193, 79, 2020, 241萬
科迪-馬丁, Cody Martin, 夏洛特黃蜂, 11, 後衛-小前鋒, 196, 93, 2019, 756萬
尼克-理查茲, Nick Richards, 夏洛特黃蜂, 4, 中鋒, 213, 111, 2020, 500萬
馬克-威廉姆斯, Mark Williams, 夏洛特黃蜂, 5, 中鋒, 216, 109, 2022, 391萬
JT-索爾, JT Thor, 夏洛特黃蜂, 21, 前鋒-大前鋒, 208, 93, 2021, 184萬
詹姆斯-布克奈特, James Bouknight, 夏洛特黃蜂, 2, 後衛-分衛, 196, 86, 2021, 457萬
布萊斯-麥戈文斯, Bryce McGowens, 夏洛特黃蜂, 7, 前鋒-分衛, 201, 81, 2022, 172萬
布蘭登-米勒, Brandon Miller, 夏洛特黃蜂, 24, 前鋒-小前鋒, 206, 91, 2023, 1088萬
小尼克-史密斯, Nick Smith Jr., 夏洛特黃蜂, 8, 後衛-分衛, 196, 84, 2023, 246萬
阿馬裡-貝利, Amari Bailey, 夏洛特黃蜂, 10, 前鋒, 196, 84, 2023, 56萬
裡基-布萊克, Leaky Black, 夏洛特黃蜂, 12, 前鋒, 206, 93, -, 56萬
朱利葉斯-蘭德爾, Julius Randle, 紐約尼克, 30, 前鋒-大前鋒, 203, 113, 2014, 2823萬
埃文-富尼耶, Evan Fournier, 紐約尼克, 13, 前鋒, 201, 93, 2012, 1886萬
杰倫-布倫森, Jalen Brunson, 紐約尼克, 11, 後衛-控衛, 188, 86, 2018, 2635萬
RJ-巴雷特, RJ Barrett, 紐約尼克, 9, 前鋒-分衛, 198, 97, 2019, 2388萬
約什-哈特, Josh Hart, 紐約尼克, 3, 後衛-小前鋒, 196, 98, 2017, 1296萬
伊曼紐爾-奎克利, Immanuel Quickley, 紐約尼克, 5, 後衛-分衛, 191, 86, 2020, 417萬
丹特-迪溫琴佐, Donte DiVincenzo, 紐約尼克, 0, 後衛-分衛, 193, 92, 2018, 1090萬
米切爾-羅賓遜, Mitchell Robinson, 紐約尼克, 23, 中鋒, 213, 109, 2018, 1568萬
以賽亞-哈爾滕斯泰因, Isaiah Hartenstein, 紐約尼克, 55, 中鋒, 213, 113, 2017, 925萬
昆汀-格蘭姆斯, Quentin Grimes, 紐約尼克, 6, 後衛-分衛, 196, 93, 2021, 239萬
裡安-阿爾奇迪亞科諾, Ryan Arcidiacono, 紐約尼克, 51, 後衛-控衛, 191, 88, 2017, 202萬
小杜安-華盛頓, Duane Washington Jr, 紐約尼克, 4, 前鋒, 191, 95, 2021, 202萬
邁爾斯-麥克布賴德, Miles McBride, 紐約尼克, 2, 後衛-控衛, 188, 91, 2021, 184萬
迪倫-溫德勒, Dylan Windler, 紐約尼克, 20, 前鋒-小前鋒, 198, 89, 2019, 56萬
傑里科-西姆斯, Jericho Sims, 紐約尼克, 45, 前鋒-中鋒, 208, 111, 2021, 193萬
達坎-傑弗里斯, DaQuan Jeffries, 紐約尼克, 8, 後衛-分衛, 196, 104, 2019, 207萬
小查理-布朗, Charlie Brown Jr., 紐約尼克, 16, 前鋒, 198, 90, 2019, 202萬
雅各布-託平, Jacob Toppin, 紐約尼克, 00, 前鋒, 206, 93, 2023, 112萬
達米安-利拉德, Damian Lillard, 密爾瓦基公鹿, 0, 後衛-控衛, 188, 88, 2012, 4564萬
揚尼斯-阿德託昆博, Giannis Antetokounmpo, 密爾瓦基公鹿, 34, 中鋒-大前鋒, 213, 110, 2013, 4564萬
布魯克-洛佩斯, Brook Lopez, 密爾瓦基公鹿, 11, 中鋒, 213, 128, 2008, 2500萬
克里斯-米德爾頓, Khris Middleton, 密爾瓦基公鹿, 22, 前鋒-小前鋒, 201, 101, 2012, 2932萬
羅賓-洛佩茲, Robin Lopez, 密爾瓦基公鹿, 42, 中鋒, 213, 127, 2008, 202萬
賈伊-克勞德, Jae Crowder, 密爾瓦基公鹿, 99, 前鋒-大前鋒, 198, 107, 2012, 202萬
鮑比-波蒂斯, Bobby Portis, 密爾瓦基公鹿, 9, 前鋒-大前鋒, 208, 113, 2015, 1171萬
馬利克-比斯利, Malik Beasley, 密爾瓦基公鹿, 5, 後衛-分衛, 193, 85, 2016, 202萬
帕特-康諾頓, Pat Connaughton, 密爾瓦基公鹿, 24, 後衛-小前鋒, 196, 95, 2015, 942萬
卡梅倫-佩恩, Cameron Payne, 密爾瓦基公鹿, 15, 後衛-控衛, 185, 83, 2015, -
薩納西斯-阿德託昆博, Thanasis Antetokounmpo, 密爾瓦基公鹿, 43, 前鋒-大前鋒, 198, 99, 2014, 202萬
馬喬恩-比徹姆, MarJon Beauchamp, 密爾瓦基公鹿, 3, 前鋒-小前鋒, 198, 90, 2022, 261萬
AJ-格林, AJ Green, 密爾瓦基公鹿, 20, 後衛-分衛, 193, 91, 2022, 190萬
泰泰-華盛頓, TyTy Washington Jr., 密爾瓦基公鹿, 23, 後衛-控衛, 191, 89, 2022, -
林德爾-威金頓, Lindell Wigginton, 密爾瓦基公鹿, 28, 前鋒, 188, 86, 2021, 56萬
馬奎斯-博爾登, Marques Bolden, 密爾瓦基公鹿, 12, 前鋒, 208, 113, 2019, 202萬
小安德烈-傑克遜, Andre Jackson Jr., 密爾瓦基公鹿, 44, 前鋒-分衛, 198, 95, 2023, 112萬
克里斯-利文斯頓, Chris Livingston, 密爾瓦基公鹿, 7, 前鋒-小前鋒, 198, 100, 2023, 112萬
德里克-羅斯, Derrick Rose, 曼非斯灰熊, 23, 後衛-控衛, 191, 91, 2008, 320萬
史蒂文-亞當斯, Steven Adams, 曼非斯灰熊, 4, 中鋒, 211, 120, 2013, 1260萬
馬庫斯-斯馬特, Marcus Smart, 曼非斯灰熊, 36, 後衛-控衛, 191, 100, 2014, 1883萬
賈-莫蘭特, Ja Morant, 曼非斯灰熊, 12, 後衛-控衛, 191, 79, 2019, 3401萬
小賈倫-傑克遜, Jaren Jackson Jr, 曼非斯灰熊, 13, 前鋒-中鋒, 211, 110, 2018, 2710萬
俾斯麥-比永博, Bismack Biyombo, 曼非斯灰熊, 18, 前鋒-中鋒, 203, 116, 2011, 500萬
盧克-肯納德, Luke Kennard, 曼非斯灰熊, 10, 後衛-分衛, 196, 93, 2017, 1476萬
德斯蒙德-貝恩, Desmond Bane, 曼非斯灰熊, 22, 後衛-分衛, 196, 98, 2020, 385萬
布蘭登-克拉克, Brandon Clarke, 曼非斯灰熊, 15, 前鋒-大前鋒, 203, 98, 2019, 1250萬
澤維爾-蒂爾曼, Xavier Tillman, 曼非斯灰熊, 2, 前鋒-中鋒, 203, 111, 2020, 193萬
約翰-康查爾, John Konchar, 曼非斯灰熊, 46, 後衛-小前鋒, 196, 95, 2019, 240萬
桑蒂-阿爾達瑪, Santi Aldama, 曼非斯灰熊, 7, 前鋒-大前鋒, 211, 102, 2021, 219萬
宰伊爾-威廉姆斯, Ziaire Williams, 曼非斯灰熊, 8, 前鋒-小前鋒, 203, 98, 2021, 481萬
大衛-羅迪, David Roddy, 曼非斯灰熊, 21, 前鋒-大前鋒, 198, 116, 2022, 272萬
小肯尼思-洛夫頓, Kenneth Lofton Jr., 曼非斯灰熊, 6, 前鋒-大前鋒, 201, 125, 2022, 172萬
傑克-拉拉維亞, Jake LaRavia, 曼非斯灰熊, 3, 前鋒-大前鋒, 203, 107, 2022, 320萬
文斯-威廉姆斯, Vince Williams Jr., 曼非斯灰熊, 5, 前鋒-分衛, 198, 93, 2022, 56萬
雅各布-吉爾亞德, Jacob Gilyard, 曼非斯灰熊, 0, 後衛-控衛, 175, 73, 2022, 56萬
GG-傑克遜, G.G. Jackson, 曼非斯灰熊, 45, 前鋒, 203, 98, 2023, -
喬丹·克拉克森, Jordan Clarkson, 猶他爵士, 00, 後衛-分衛, 193, 88, 2014, 2349萬
凱利-奧利尼克, Kelly Olynyk, 猶他爵士, 41, 前鋒-中鋒, 211, 109, 2013, 1220萬
勞裡-馬爾卡寧, Lauri Markkanen, 猶他爵士, 23, 中鋒-大前鋒, 213, 109, 2017, 1726萬
約翰-科林斯, John Collins, 猶他爵士, 20, 前鋒-大前鋒, 206, 107, 2017, 2534萬
科林-塞克斯頓, Collin Sexton, 猶他爵士, 2, 後衛-控衛, 185, 86, 2018, 1733萬
克里斯-鄧恩, Kris Dunn, 猶他爵士, 11, 後衛-控衛, 191, 93, 2016, 259萬
塔倫-霍頓-塔克, Talen Horton-Tucker, 猶他爵士, 5, 後衛-分衛, 193, 106, 2019, 1102萬
約什-克里斯托弗, Josh Christopher, 猶他爵士, 9, 前鋒, 196, 98, 2021, -
沃克-凱斯勒, Walker Kessler, 猶他爵士, 24, 中鋒, 216, 111, 2022, 283萬
奧柴-阿巴基, Ochai Agbaji, 猶他爵士, 30, 後衛-分衛, 196, 98, 2022, 411萬
西蒙-方特奇奧, Simone Fontecchio, 猶他爵士, 16, 前鋒-小前鋒, 203, 95, 2022, 304萬
奧默-尤爾特塞文, Omer Yurtseven, 猶他爵士, 77, 中鋒, 213, 120, 2021, 280萬
盧卡-沙馬尼奇, Luka Samanic, 猶他爵士, 19, 前鋒-大前鋒, 208, 103, 2019, 207萬
約翰尼-朱贊, Johnny Juzang, 猶他爵士, 33, 後衛, 201, 98, 2022, 56萬
基揚特-喬治, Keyonte George, 猶他爵士, 3, 後衛-分衛, 193, 84, 2023, 389萬
米卡-波特, Micah Potter, 猶他爵士, 25, 前鋒-中鋒, 208, 112, 2021, 56萬
泰勒-亨德里克斯, Taylor Hendricks, 猶他爵士, 0, 前鋒-大前鋒, 206, 95, 2023, 557萬
布賴斯-森薩博, Brice Sensabaugh, 猶他爵士, 8, 前鋒-小前鋒, 198, 107, 2023, 245萬
達尼羅-加里納利, Danilo Gallinari, 華盛頓巫師, 88, 前鋒-小前鋒, 208, 106, 2008, 680萬
凱爾-庫茲馬, Kyle Kuzma, 華盛頓巫師, 33, 前鋒-大前鋒, 206, 100, 2017, 2557萬
喬丹-普爾, Jordan Poole, 華盛頓巫師, 13, 後衛-分衛, 193, 88, 2019, 2746萬
泰厄斯-瓊斯, Tyus Jones, 華盛頓巫師, 5, 後衛-控衛, 183, 89, 2015, 1400萬
德朗-賴特, Delon Wright, 華盛頓巫師, 55, 後衛-控衛, 196, 84, 2015, 820萬
邁克-穆斯卡拉, Mike Muscala, 華盛頓巫師, 35, 前鋒-中鋒, 208, 109, 2013, 350萬
蘭德里-沙梅特, Landry Shamet, 華盛頓巫師, 20, 後衛-分衛, 193, 86, 2018, 1025萬
丹尼爾-加福德, Daniel Gafford, 華盛頓巫師, 21, 前鋒-中鋒, 208, 106, 2019, 1240萬
德尼-阿夫迪亞, Deni Avdija, 華盛頓巫師, 8, 前鋒-小前鋒, 206, 95, 2020, 626萬
科裡-基斯珀特, Corey Kispert, 華盛頓巫師, 24, 前鋒-小前鋒, 201, 100, 2021, 372萬
安東尼-吉爾, Anthony Gill, 華盛頓巫師, 16, 前鋒-大前鋒, 201, 104, 2020, 200萬
尤金-奧莫魯伊, Eugene Omoruyi, 華盛頓巫師, 97, 前鋒-小前鋒, 201, 111, 2021, 56萬
賈裡德-巴特勒, Jared Butler, 華盛頓巫師, 4, 後衛-分衛, 191, 88, 2021, 56萬
約翰尼-戴維斯, Johnny Davis, 華盛頓巫師, 1, 後衛-分衛, 196, 89, 2022, 505萬
小帕特里克-鮑德溫, Patrick Baldwin Jr., 華盛頓巫師, 7, 前鋒-小前鋒, 206, 100, 2022, 234萬
萊恩-羅林斯, Ryan Rollins, 華盛頓巫師, 9, 後衛-控衛, 193, 82, 2022, 172萬
比拉爾-庫利巴利, Bilal Coulibaly, 華盛頓巫師, 0, 前鋒-小前鋒, 198, 88, 2023, 661萬
小約翰-巴特勒, John Butler Jr., 華盛頓巫師, 19, 前鋒, 216, 79, 2022, -
託拜亞斯-哈里斯, Tobias Harris, 費城76人, 12, 前鋒-小前鋒, 203, 102, 2011, 3927萬
喬爾-恩比德, Joel Embiid, 費城76人, 21, 中鋒, 213, 127, 2014, 4761萬
尼古拉斯-巴圖姆, Nicolas Batum, 費城76人, 40, 前鋒-小前鋒, 203, 104, 2008, 1171萬
馬庫斯-莫里斯, Marcus Morris Sr., 費城76人, 5, 前鋒-大前鋒, 203, 99, 2011, 1712萬
丹尼-格林, Danny Green, 費城76人, 14, 前鋒-分衛, 198, 98, 2009, 20萬
凱利-烏佈雷, Kelly Oubre Jr., 費城76人, 9, 前鋒-小前鋒, 201, 92, 2015, 202萬
羅伯特-考文頓, Robert Covington, 費城76人, 33, 前鋒-小前鋒, 201, 95, 2013, 1169萬
PJ-塔克, P.J. Tucker, 費城76人, 17, 後衛-小前鋒, 196, 111, 2006, 1101萬
帕特里克-貝弗利, Patrick Beverley, 費城76人, 22, 後衛-控衛, 185, 82, 2009, 202萬
泰瑞斯-馬克西, Tyrese Maxey, 費城76人, 0, 後衛-分衛, 188, 91, 2020, 434萬
丹東尼-梅爾頓, De'Anthony Melton, 費城76人, 8, 後衛-分衛, 188, 91, 2018, 800萬
福爾康-科爾克馬茲, Furkan Korkmaz, 費城76人, 30, 前鋒-分衛, 201, 92, 2016, 537萬
小肯揚-馬丁, KJ Martin, 費城76人, 1, 前鋒-小前鋒, 198, 98, 2020, 193萬
穆罕默德-班巴, Mo Bamba, 費城76人, 7, 中鋒, 213, 105, 2018, 202萬
丹紐爾-豪斯, Danuel House Jr., 費城76人, 25, 前鋒-小前鋒, 198, 100, 2016, 431萬
保羅-裡德, Paul Reed, 費城76人, 44, 前鋒-中鋒, 206, 95, 2020, 772萬
賈登-斯普林格, Jaden Springer, 費城76人, 11, 後衛-分衛, 193, 93, 2021, 223萬
賈文特-斯馬特, Javonte Smart, 費城76人, 39, 前鋒, 193, 93, 2021, -
菲利普-彼得魯舍夫, Filip Petrusev, 費城76人, 33, 前鋒, 211, 106, 2021, 112萬
特奎維翁-史密斯, Terquavion Smith, 費城76人, 23, 前鋒, 193, 75, 2023, 56萬
裡奇-康西爾四世, Ricky Council IV, 費城76人, 16, 前鋒, 198, 93, 2023, -
謝伊-吉爾傑斯-亞歷山大, Shai Gilgeous-Alexander, 奧克拉荷馬城雷霆, 2, 前鋒-控衛, 198, 82, 2018, 3339萬
戴維斯-貝爾坦斯, Davis Bertans, 奧克拉荷馬城雷霆, 9, 前鋒-大前鋒, 208, 102, 2011, 1700萬
呂岡茨-多爾特, Luguentz Dort, 奧克拉荷馬城雷霆, 5, 後衛-小前鋒, 191, 98, 2019, 1528萬
約什-基迪, Josh Giddey, 奧克拉荷馬城雷霆, 3, 前鋒-大前鋒, 203, 95, 2021, 659萬
肯裡奇-威廉姆斯, Kenrich Williams, 奧克拉荷馬城雷霆, 34, 後衛, 198, 95, 2018, 618萬
杰倫-威廉姆斯, Jalen Williams, 奧克拉荷馬城雷霆, 8, 前鋒-分衛, 198, 88, 2022, 456萬
特里-曼, Tre Mann, 奧克拉荷馬城雷霆, 23, 後衛-控衛, 191, 81, 2021, 319萬
以賽亞-喬, Isaiah Joe, 奧克拉荷馬城雷霆, 11, 後衛-分衛, 193, 75, 2020, 200萬
阿列克謝-波庫舍夫斯基, Aleksej Pokusevski, 奧克拉荷馬城雷霆, 17, 中鋒-大前鋒, 213, 86, 2020, 501萬
亞倫-威金斯, Aaron Wiggins, 奧克拉荷馬城雷霆, 21, 前鋒-分衛, 198, 91, 2021, 184萬
林迪-沃特斯三世, Lindy Waters III, 奧克拉荷馬城雷霆, 12, 前鋒-分衛, 198, 98, 2021, 56萬
傑林-威廉姆斯, Jaylin Williams, 奧克拉荷馬城雷霆, 6, 前鋒-中鋒, 208, 109, 2022, 200萬
奧斯曼-迪昂, Ousmane Dieng, 奧克拉荷馬城雷霆, 13, 前鋒-大前鋒, 208, 98, 2022, 480萬
奧利維爾-薩爾, Olivier Sarr, 奧克拉荷馬城雷霆, 30, 中鋒, 213, 107, 2021, 56萬
切特-霍姆格倫, Chet Holmgren, 奧克拉荷馬城雷霆, 7, 中鋒-大前鋒, 213, 88, 2022, 1039萬
卡森-華萊士, Cason Wallace, 奧克拉荷馬城雷霆, 22, 後衛-分衛, 193, 88, 2023, 529萬
瓦西里耶-米齊奇, Vasilije Micic, 奧克拉荷馬城雷霆, 29, 後衛-控衛, 196, 91, 2014, 772萬
基翁泰-約翰遜, Keyontae Johnson, 奧克拉荷馬城雷霆, 18, 後衛-小前鋒, 196, 104, 2023, 56萬
加里-哈里斯, Gary Harris, 奧蘭多魔術, 14, 後衛-分衛, 193, 95, 2014, 1300萬
喬-英格爾斯, Joe Ingles, 奧蘭多魔術, 7, 前鋒-小前鋒, 203, 100, 2014, 1100萬
小溫德爾-卡特, Wendell Carter Jr., 奧蘭多魔術, 34, 前鋒-中鋒, 208, 122, 2018, 1305萬
弗朗茲-瓦格納, Franz Wagner, 奧蘭多魔術, 22, 前鋒-小前鋒, 206, 102, 2021, 551萬
科爾-安東尼, Cole Anthony, 奧蘭多魔術, 50, 後衛-控衛, 188, 84, 2020, 554萬
馬克爾-富爾茨, Markelle Fultz, 奧蘭多魔術, 20, 後衛-控衛, 191, 95, 2017, 1700萬
莫里茲-瓦格納, Moritz Wagner, 奧蘭多魔術, 21, 前鋒-中鋒, 211, 111, 2018, 800萬
保羅-班切羅, Paolo Banchero, 奧蘭多魔術, 5, 前鋒-大前鋒, 208, 113, 2022, 1161萬
喬納森-艾薩克, Jonathan Isaac, 奧蘭多魔術, 1, 前鋒-大前鋒, 211, 104, 2017, 1740萬
杰倫-薩格斯, Jalen Suggs, 奧蘭多魔術, 4, 後衛-分衛, 193, 93, 2021, 725萬
丘馬-奧基基, Chuma Okeke, 奧蘭多魔術, 3, 前鋒-小前鋒, 198, 104, 2019, 527萬
戈加-比塔澤, Goga Bitadze, 奧蘭多魔術, 35, 前鋒-中鋒, 211, 113, 2019, 207萬
阿德米拉爾-斯科菲爾德, Admiral Schofield, 奧蘭多魔術, 25, 後衛-大前鋒, 196, 109, 2019, 88萬
凱萊布-休斯坦, Caleb Houstan, 奧蘭多魔術, 2, 前鋒-小前鋒, 203, 93, 2022, 200萬
凱文-哈里斯, Kevon Harris, 奧蘭多魔術, 7, 後衛, 198, 98, 2022, 56萬
特萊凡林-奎因, Trevelin Queen, 奧蘭多魔術, 12, 前鋒, 198, 86, 2021, 202萬
安東尼-布萊克, Anthony Black, 奧蘭多魔術, 0, 前鋒-控衛, 201, 90, 2023, 725萬
杰特-霍華德, Jett Howard, 奧蘭多魔術, 13, 前鋒-小前鋒, 203, 98, 2023, 503萬
C.J.麥科勒姆, CJ McCollum, 新奧爾良鵜鶘, 3, 後衛-分衛, 191, 86, 2013, 3580萬
尤納斯-瓦蘭丘納斯, Jonas Valanciunas, 新奧爾良鵜鶘, 17, 前鋒-中鋒, 211, 120, 2011, 1544萬
布蘭登-英格拉姆, Brandon Ingram, 新奧爾良鵜鶘, 14, 前鋒-小前鋒, 203, 86, 2016, 3383萬
科迪-澤勒, Cody Zeller, 新奧爾良鵜鶘, 40, 前鋒-中鋒, 211, 109, 2013, 202萬
小拉里-南斯, Larry Nance Jr., 新奧爾良鵜鶘, 22, 前鋒-中鋒, 201, 111, 2015, 1038萬
錫安-威廉森, Zion Williamson, 新奧爾良鵜鶘, 1, 前鋒-大前鋒, 198, 129, 2019, 3401萬
威利-埃爾南戈麥斯, Willy Hernangomez, 新奧爾良鵜鶘, 9, 中鋒, 211, 113, 2015, 256萬
特雷-墨菲三世, Trey Murphy III, 新奧爾良鵜鶘, 25, 前鋒-小前鋒, 206, 93, 2021, 336萬
赫伯特-瓊斯, Herbert Jones, 新奧爾良鵜鶘, 5, 前鋒-大前鋒, 203, 95, 2021, 1202萬
納吉-馬紹爾, Naji Marshall, 新奧爾良鵜鶘, 8, 前鋒-小前鋒, 201, 100, 2020, 193萬
約瑟-阿爾瓦拉多, Jose Alvarado, 新奧爾良鵜鶘, 15, 後衛-控衛, 183, 81, 2021, 184萬
耶利米-羅賓遜-厄爾, Jeremiah Robinson-Earl, 新奧爾良鵜鶘, 前鋒, 206, 104, 2021, -
小基拉-劉易斯, Kira Lewis Jr., 新奧爾良鵜鶘, 13, 後衛-控衛, 185, 77, 2020, 572萬
戴森-丹尼爾斯, Dyson Daniels, 新奧爾良鵜鶘, 11, 前鋒-控衛, 203, 90, 2022, 578萬
馬特-瑞安, Matt Ryan, 新奧爾良鵜鶘, 37, 前鋒-小前鋒, 201, 98, 2021, -
喬丹-霍金斯, Jordan Hawkins, 新奧爾良鵜鶘, 24, 後衛-分衛, 196, 88, 2023, 431萬
德瑞恩-西伯恩, Dereon Seabron, 新奧爾良鵜鶘, 0, 前鋒-分衛, 201, 82, 2022, 56萬
EJ-利德爾, EJ Liddell, 新奧爾良鵜鶘, 32, 前鋒-大前鋒, 201, 109, 2022, 180萬
凱澤-蓋茨, Kaiser Gates, 新奧爾良鵜鶘, 12, 前鋒-小前鋒, 203, 98, 2018, -
凱里-歐文, Kyrie Irving, 達拉斯獨行俠, 11, 後衛-分衛, 188, 88, 2011, 3704萬
盧卡-東契奇, Luka Doncic, 達拉斯獨行俠, 77, 前鋒-控衛, 201, 104, 2018, 4006萬
小蒂姆-哈達威, Tim Hardaway Jr, 達拉斯獨行俠, 10, 後衛-小前鋒, 196, 93, 2013, 1790萬
馬基夫-莫里斯, Markieff Morris, 達拉斯獨行俠, 13, 前鋒, 206, 111, 2011, 202萬
塞斯-庫裡, Seth Curry, 達拉斯獨行俠, 30, 後衛-分衛, 188, 84, 2013, 400萬
德懷特-鮑威爾, Dwight Powell, 達拉斯獨行俠, 7, 前鋒-中鋒, 208, 109, 2014, 400萬
裡喬恩-霍姆斯, Richaun Holmes, 達拉斯獨行俠, 20, 前鋒, 208, 107, 2015, 1205萬
馬克西-克勒貝爾, Maxi Kleber, 達拉斯獨行俠, 42, 前鋒-大前鋒, 208, 109, 2017, 1100萬
小德里克-瓊斯, Derrick Jones Jr., 達拉斯獨行俠, 55, 後衛-小前鋒, 196, 95, 2016, 202萬
格蘭特-威廉姆斯, Grant Williams, 達拉斯獨行俠, 3, 前鋒-大前鋒, 198, 107, 2019, 1241萬
丹特-埃克薩姆, Dante Exum, 達拉斯獨行俠, 0, 後衛-控衛, 196, 97, 2014, 300萬
約什-格林, Josh Green, 達拉斯獨行俠, 8, 後衛-分衛, 196, 91, 2020, 477萬
傑登-哈迪, Jaden Hardy, 達拉斯獨行俠, 1, 後衛-分衛, 193, 90, 2022, 172萬
格雷格-布朗, Greg Brown III, 達拉斯獨行俠, 28, 前鋒, 206, 93, 2021, 202萬
德里克-萊夫利二世, Dereck Lively II, 達拉斯獨行俠, 2, 中鋒, 216, 104, 2023, 478萬
A·J·勞森, AJ Lawson, 達拉斯獨行俠, 9, 後衛, 198, 81, 2021, 56萬
奧利維耶·馬克桑斯-普羅斯珀, Olivier-Maxence Prosper, 達拉斯獨行俠, 18, 前鋒-大前鋒, 203, 104, 2023, 273萬
德克斯特-丹尼斯, Dexter Dennis, 達拉斯獨行俠, 前鋒, 196, 95, 2023, -
凱文-杜蘭特, Kevin Durant, 鳳凰城太陽, 35, 前鋒-大前鋒, 208, 109, 2007, 4765萬
布拉德利-比爾, Bradley Beal, 鳳凰城太陽, 3, 後衛, 193, 94, 2012, 4674萬
埃裡克-戈登, Eric Gordon, 鳳凰城太陽, 23, 後衛-分衛, 191, 98, 2008, 320萬
德文-布克, Devin Booker, 鳳凰城太陽, 1, 後衛-分衛, 196, 93, 2015, 3602萬
尤素夫-努爾基奇, Jusuf Nurkic, 鳳凰城太陽, 20, 前鋒-中鋒, 211, 132, 2014, 1688萬
格雷森-艾倫, Grayson Allen, 鳳凰城太陽, 8, 後衛-分衛, 193, 90, 2018, 893萬
達米恩-李, Damion Lee, 鳳凰城太陽, 10, 後衛-分衛, 196, 95, 2017, 253萬
約什-奧科吉, Josh Okogie, 鳳凰城太陽, 2, 後衛-分衛, 193, 97, 2018, 282萬
德魯-尤班克斯, Drew Eubanks, 鳳凰城太陽, 14, 前鋒-中鋒, 206, 111, 2018, 235萬
凱塔-貝茨-迪奧普, Keita Bates-Diop, 鳳凰城太陽, 21, 前鋒-小前鋒, 203, 104, 2018, 235萬
奇梅齊耶-梅圖, Chimezie Metu, 鳳凰城太陽, 4, 前鋒-中鋒, 206, 102, 2018, 202萬
納西爾-利特爾, Nassir Little, 鳳凰城太陽, 25, 後衛-大前鋒, 196, 100, 2019, 625萬
渡邊雄太, Yuta Watanabe, 鳳凰城太陽, 18, 前鋒-小前鋒, 206, 98, 2018, 235萬
波爾-波爾, Bol Bol, 鳳凰城太陽, 11, 中鋒-大前鋒, 218, 100, 2019, 202萬
薩本-李, Saben Lee, 鳳凰城太陽, 38, 後衛-控衛, 188, 83, 2020, 56萬
喬丹-古德溫, Jordan Goodwin, 鳳凰城太陽, 0, 後衛-控衛, 191, 91, 2021, 193萬
烏多卡-阿祖布克, Udoka Azubuike, 鳳凰城太陽, 27, 前鋒-中鋒, 208, 127, 2020, 56萬
凱爾-洛瑞, Kyle Lowry, 邁阿密熱火, 7, 後衛-控衛, 183, 89, 2006, 2968萬
凱文-樂福, Kevin Love, 邁阿密熱火, 42, 前鋒-大前鋒, 203, 114, 2008, 384萬
吉米-巴特勒, Jimmy Butler, 邁阿密熱火, 22, 前鋒-大前鋒, 201, 104, 2011, 4518萬
巴姆-阿德巴約, Bam Adebayo, 邁阿密熱火, 13, 前鋒-中鋒, 206, 116, 2017, 3260萬
約什-理查德森, Josh Richardson, 邁阿密熱火, 0, 後衛-分衛, 196, 91, 2015, 289萬
泰勒-希羅, Tyler Herro, 邁阿密熱火, 14, 後衛-分衛, 196, 88, 2019, 2700萬
鄧肯-羅賓遜, Duncan Robinson, 邁阿密熱火, 55, 前鋒-小前鋒, 201, 98, 2018, 1815萬
托馬斯-布萊恩特, Thomas Bryant, 邁阿密熱火, 31, 前鋒-中鋒, 208, 112, 2017, 253萬
凱萊布-馬丁, Caleb Martin, 邁阿密熱火, 16, 後衛-小前鋒, 196, 93, 2019, 680萬
RJ-漢普頓, R.J. Hampton, 邁阿密熱火, 4, 後衛-控衛, 193, 79, 2020, -
海伍德-海史密斯, Haywood Highsmith, 邁阿密熱火, 24, 前鋒-大前鋒, 201, 100, 2018, 190萬
奧蘭多-羅賓遜, Orlando Robinson, 邁阿密熱火, 25, 中鋒, 213, 107, 2022, 180萬
賈馬爾-凱恩, Jamal Cain, 邁阿密熱火, 8, 前鋒-大前鋒, 201, 87, 2022, 56萬
尼古拉-約維奇, Nikola Jovic, 邁阿密熱火, 5, 前鋒-大前鋒, 208, 95, 2022, 235萬
德魯-史密斯, Dru Smith, 邁阿密熱火, 9, 後衛-分衛, 191, 92, 2022, 102萬
小海梅-哈克斯, Jaime Jaquez Jr., 邁阿密熱火, 11, 前鋒-小前鋒, 201, 102, 2023, 351萬
科爾-斯威德, Cole Swider, 邁阿密熱火, 21, 前鋒-小前鋒, 206, 100, 2022, 180萬